zipcode,metro,composite_score,letter_grade
15031,Pittsburgh,60.15493387739933,C
15086,Pittsburgh,58.005568321545965,C
15229,Pittsburgh,59.545750381182046,C
15046,Pittsburgh,68.08457197646925,B
15056,Pittsburgh,37.39632399906737,D
15122,Pittsburgh,50.85936136321426,C
15139,Pittsburgh,54.28117380711322,C
15142,Pittsburgh,71.24816735967276,B
15202,Pittsburgh,59.773140425920616,C
15236,Pittsburgh,54.49779412386405,C
15241,Pittsburgh,64.51543104030483,C
15332,Pittsburgh,66.50810864142778,B
15082,Pittsburgh,64.91218776685508,C
15102,Pittsburgh,57.678485538314874,C
15221,Pittsburgh,50.262064417085696,C
15227,Pittsburgh,51.92747555853174,C
16046,Pittsburgh,70.31026771132716,B
16059,Pittsburgh,68.31334613031153,B
15065,Pittsburgh,60.65711515441771,C
15207,Pittsburgh,51.85142681774038,C
15211,Pittsburgh,51.50667445199191,C
15213,Pittsburgh,40.090402015396194,D
15215,Pittsburgh,64.46592365080681,C
15219,Pittsburgh,30.48762085403495,F
15223,Pittsburgh,52.0031465375305,C
15225,Pittsburgh,33.187717966533086,F
15321,Pittsburgh,64.87513469265733,C
15085,Pittsburgh,69.63385646792234,B
15106,Pittsburgh,59.4044659929484,C
15133,Pittsburgh,59.478154098657804,C
15136,Pittsburgh,50.406716497606595,C
15145,Pittsburgh,48.860062660132286,D
15217,Pittsburgh,56.65780862525552,C
15024,Pittsburgh,71.77698533781168,B
15143,Pittsburgh,77.36930407436151,B
16055,Pittsburgh,66.60141340965106,B
15035,Pittsburgh,46.51292285535373,D
15068,Pittsburgh,64.45416502376895,C
15089,Pittsburgh,57.1196641272944,C
15129,Pittsburgh,64.96640119442355,C
15135,Pittsburgh,67.91629904961037,B
15147,Pittsburgh,61.9203942133572,C
15204,Pittsburgh,45.76210333460709,D
15218,Pittsburgh,50.903016638282715,C
15220,Pittsburgh,56.38731339155884,C
15044,Pittsburgh,71.44995552620009,B
15071,Pittsburgh,68.23849578906243,B
15110,Pittsburgh,22.182170580009867,F
15116,Pittsburgh,67.29592545070042,B
15137,Pittsburgh,60.283043923739484,C
15228,Pittsburgh,60.347999371765596,C
15235,Pittsburgh,59.39090975226922,C
15237,Pittsburgh,66.95916686363083,B
15239,Pittsburgh,64.59412266006379,C
15075,Pittsburgh,56.040190621555034,C
15083,Pittsburgh,64.78575891650675,C
15084,Pittsburgh,67.43430750527459,B
15108,Pittsburgh,63.33047032416149,C
15126,Pittsburgh,67.55131321395568,B
15209,Pittsburgh,60.06846011341078,C
15216,Pittsburgh,51.54951767289107,C
15226,Pittsburgh,50.34118140505847,C
15234,Pittsburgh,50.944199524115845,C
15017,Pittsburgh,57.56258459141399,C
15049,Pittsburgh,58.899788700693904,C
15144,Pittsburgh,53.58484366101524,C
15210,Pittsburgh,41.64452787974679,D
15214,Pittsburgh,55.9799454759588,C
15232,Pittsburgh,45.493784887624685,D
15238,Pittsburgh,67.94974822112806,B
15642,Pittsburgh,63.876846179860664,C
15020,Pittsburgh,61.95031122390594,C
15025,Pittsburgh,58.025212222681574,C
15063,Pittsburgh,63.2112304559725,C
15064,Pittsburgh,66.66412337013634,B
15120,Pittsburgh,41.72776518344622,D
15132,Pittsburgh,32.843038607885454,F
15148,Pittsburgh,42.37960832615112,D
15208,Pittsburgh,31.371752808442075,F
15668,Pittsburgh,75.00551852927437,B
15037,Pittsburgh,68.52152713557949,B
15104,Pittsburgh,31.97742711254873,F
15112,Pittsburgh,43.42130901335488,D
15146,Pittsburgh,62.84930908745409,C
15203,Pittsburgh,41.30048963409472,D
15212,Pittsburgh,47.739849524344464,D
15233,Pittsburgh,36.18999194735599,D
15243,Pittsburgh,59.29695808686051,C
15003,Pittsburgh,57.454274924261725,C
15005,Pittsburgh,70.35225984471695,B
15006,Pittsburgh,59.381344391427476,C
15007,Pittsburgh,59.489766849733726,C
15014,Pittsburgh,30.840203055006008,F
15015,Pittsburgh,81.22149668383015,A
15018,Pittsburgh,68.97437107373702,B
15026,Pittsburgh,70.19440415329282,B
15028,Pittsburgh,59.49992680386006,C
15030,Pittsburgh,62.49215417702659,C
15034,Pittsburgh,47.136343705715724,D
15045,Pittsburgh,48.25056758385328,D
15047,Pittsburgh,53.702056553334984,C
15051,Pittsburgh,58.328132071098416,C
15057,Pittsburgh,64.41767457390276,C
15076,Pittsburgh,63.354884943536476,C
15088,Pittsburgh,36.80260029160644,D
15090,Pittsburgh,73.10461467047884,B
15101,Pittsburgh,69.11311962533873,B
15131,Pittsburgh,66.89022607401891,B
15140,Pittsburgh,44.325121180423494,D
15201,Pittsburgh,38.58708692735064,D
15205,Pittsburgh,57.517830910894986,C
15206,Pittsburgh,46.16051463507842,D
15222,Pittsburgh,37.64013766957533,D
15224,Pittsburgh,45.88772534624037,D
85032,Phoenix,35.322950468055026,D
85041,Phoenix,38.913124076754585,D
85050,Phoenix,47.208449230292615,D
85085,Phoenix,55.49077201027851,C
85204,Phoenix,32.34057401826949,F
85225,Phoenix,36.91834194269633,D
85257,Phoenix,35.82146914267469,D
85266,Phoenix,50.2285680886833,C
85029,Phoenix,35.4286481306754,D
85044,Phoenix,48.657683518968284,D
85051,Phoenix,28.091099216721254,F
85054,Phoenix,53.24791119299927,C
85264,Phoenix,46.43469621027637,D
85296,Phoenix,44.39125413283533,D
85342,Phoenix,49.33287892588423,D
85355,Phoenix,51.92564632743553,C
85201,Phoenix,31.711775078759835,F
85233,Phoenix,40.71934219606104,D
85295,Phoenix,43.83092014583355,D
85297,Phoenix,45.13335871887456,D
85363,Phoenix,31.46507407100966,F
85382,Phoenix,37.3727033911119,D
85043,Phoenix,35.88160395791464,D
85045,Phoenix,51.362463062245155,C
85208,Phoenix,32.40080565250263,F
85251,Phoenix,36.6408409634243,D
85254,Phoenix,41.78767965746175,D
85304,Phoenix,34.58031038187242,F
85323,Phoenix,43.97755699421208,D
85373,Phoenix,38.257880105021854,D
85383,Phoenix,54.762552757313934,C
85202,Phoenix,33.329375044544626,F
85206,Phoenix,31.883477930050116,F
85213,Phoenix,36.69303155329587,D
85249,Phoenix,43.46342569610003,D
85260,Phoenix,41.76335840286988,D
85283,Phoenix,37.394675404090975,D
85337,Phoenix,41.47524576515388,D
85390,Phoenix,44.524505016786875,D
85392,Phoenix,43.5479109335285,D
85007,Phoenix,28.70640679046477,F
85020,Phoenix,38.0535020409025,D
85083,Phoenix,53.63468506379873,C
85298,Phoenix,46.05845390627533,D
85307,Phoenix,46.807989485655824,D
85343,Phoenix,48.51512717358087,D
85374,Phoenix,33.71152852100664,F
85381,Phoenix,39.43098646650698,D
85396,Phoenix,51.47769131064298,C
85224,Phoenix,39.939131766618985,D
85250,Phoenix,43.88668297467555,D
85256,Phoenix,30.738783761228763,F
85262,Phoenix,56.16126711980006,C
85301,Phoenix,25.27160429766849,F
85321,Phoenix,38.294168772061326,D
85326,Phoenix,52.44801850874491,C
85331,Phoenix,55.43865014345073,C
85338,Phoenix,51.0379776088147,C
85013,Phoenix,36.390409743739546,D
85018,Phoenix,45.530442730365245,D
85040,Phoenix,31.23717072963146,F
85263,Phoenix,56.234774205693355,C
85303,Phoenix,38.85742578767819,D
85335,Phoenix,43.250896345403355,D
85340,Phoenix,49.62638779214393,D
85377,Phoenix,49.67521544289238,D
85395,Phoenix,41.11024351583508,D
85034,Phoenix,27.524771175712324,F
85053,Phoenix,31.61660752130821,F
85205,Phoenix,31.49782196164167,F
85248,Phoenix,45.89952575472146,D
85253,Phoenix,48.034147675767116,D
85284,Phoenix,42.25429919674605,D
85302,Phoenix,30.34525302683534,F
85305,Phoenix,43.05197300640418,D
85004,Phoenix,28.927838807752742,F
85006,Phoenix,29.597721051577373,F
85086,Phoenix,52.45759636956103,C
85139,Phoenix,47.256470625080894,D
85354,Phoenix,47.483776304274116,D
85387,Phoenix,47.637025506724555,D
85203,Phoenix,39.441775332514084,D
85255,Phoenix,54.536151422521456,C
85268,Phoenix,47.765854070698,D
85282,Phoenix,34.33398902948787,F
85308,Phoenix,38.49238547145693,D
85320,Phoenix,50.49190448407411,C
85322,Phoenix,48.171316276772245,D
85345,Phoenix,34.51959188954115,F
85120,Phoenix,37.89609750914915,D
85142,Phoenix,52.245682143127055,C
85212,Phoenix,50.176334219855164,C
85215,Phoenix,49.8977594052714,D
85226,Phoenix,51.26766963646968,C
85234,Phoenix,42.98604304189614,D
85258,Phoenix,42.80324054135798,D
85333,Phoenix,52.95363484518913,C
85016,Phoenix,36.62535392048008,D
85035,Phoenix,32.63524309053085,F
85210,Phoenix,30.03058646435831,F
85306,Phoenix,35.12549526940666,D
85309,Phoenix,51.8177953812623,C
85351,Phoenix,24.252177145207703,F
85353,Phoenix,46.184648943043946,D
85379,Phoenix,40.442698644398085,D
85545,Phoenix,34.172128442123665,F
85017,Phoenix,25.68652012305032,F
85024,Phoenix,46.582183421534324,D
85027,Phoenix,36.81924992063962,D
85048,Phoenix,46.81299990625419,D
85087,Phoenix,52.23181027995048,C
85209,Phoenix,36.958437916148206,D
85281,Phoenix,35.11668930470065,D
85339,Phoenix,53.13083261318945,C
85019,Phoenix,25.591159391192434,F
85021,Phoenix,33.42364630572047,F
85033,Phoenix,31.37799290950747,F
85037,Phoenix,39.984206903200615,D
85375,Phoenix,32.71965713980258,F
85388,Phoenix,46.59305828716042,D
85003,Phoenix,34.711956929974505,F
85008,Phoenix,36.60931464452318,D
85009,Phoenix,29.646510164866168,F
85012,Phoenix,38.33690173818154,D
85014,Phoenix,35.01794559662718,D
85015,Phoenix,27.82681887768527,F
85022,Phoenix,36.586235476080255,D
85023,Phoenix,35.99074610392551,D
85028,Phoenix,40.84937565602564,D
85031,Phoenix,27.868994850237904,F
85042,Phoenix,45.58719611704761,D
85207,Phoenix,43.81005016681828,D
85259,Phoenix,51.73946285028937,C
85286,Phoenix,45.370006694903466,D
85310,Phoenix,45.875800016235004,D
85361,Phoenix,49.52524465615167,D
28078,Charlotte,71.93728005582547,B
28104,Charlotte,69.66186596961283,B
28203,Charlotte,50.97959363949006,C
28206,Charlotte,33.796790886465615,F
28212,Charlotte,55.32154359506595,C
28214,Charlotte,62.47515060242306,C
28216,Charlotte,59.4335388457674,C
28226,Charlotte,69.19127638557117,B
28278,Charlotte,71.99180188540032,B
28036,Charlotte,74.34560461334428,B
28202,Charlotte,40.62253094199383,D
28204,Charlotte,46.10904018892707,D
28207,Charlotte,68.1172267083908,B
28209,Charlotte,62.29079486950328,C
28215,Charlotte,64.68086285489437,C
28269,Charlotte,61.21269786526835,C
28270,Charlotte,73.30680243948177,B
28277,Charlotte,65.11013150965925,B
28105,Charlotte,67.11250077886041,B
28134,Charlotte,54.3927120290143,C
28205,Charlotte,55.85857013548437,C
28210,Charlotte,64.10134486085636,C
28213,Charlotte,58.581760531553755,C
28217,Charlotte,58.78284057617947,C
28227,Charlotte,67.45460452289075,B
28262,Charlotte,64.66943292163836,C
28273,Charlotte,54.08507381252325,C
28027,Charlotte,60.878269671329164,C
28031,Charlotte,60.563813138695835,C
28107,Charlotte,70.36901974086463,B
28208,Charlotte,43.468310670291565,D
28211,Charlotte,68.32190616326147,B
90242,Los Angeles,36.665257762611155,D
90602,Los Angeles,48.35035643840662,D
90039,Los Angeles,42.866861439932805,D
90249,Los Angeles,30.96542782471628,F
90505,Los Angeles,41.41242388168894,D
90746,Los Angeles,32.383804967914806,F
91020,Los Angeles,40.212370296807634,D
91343,Los Angeles,37.817103665756036,D
91601,Los Angeles,35.8346676795833,D
91791,Los Angeles,47.10225532456938,D
93535,Los Angeles,46.491151162545066,D
90304,Los Angeles,30.925694265659228,F
90404,Los Angeles,32.7440258959494,F
90704,Los Angeles,58.64197694892149,C
91301,Los Angeles,61.00780755401921,C
91381,Los Angeles,63.97595056761696,C
91506,Los Angeles,38.269248191802944,D
91755,Los Angeles,44.408575035428754,D
93532,Los Angeles,57.36073946902215,C
90002,Los Angeles,26.852690729914336,F
90010,Los Angeles,35.922856982558166,D
90058,Los Angeles,18.680146386397794,F
90710,Los Angeles,32.65391891795542,F
90716,Los Angeles,32.296009803357165,F
90807,Los Angeles,39.453074829982434,D
91402,Los Angeles,33.318459634614605,F
91790,Los Angeles,40.62838526873083,D
90033,Los Angeles,27.32951298930907,F
90049,Los Angeles,62.8279464410759,C
90065,Los Angeles,44.52341336615427,D
90277,Los Angeles,44.95704176806815,D
90292,Los Angeles,41.69924102976657,D
90601,Los Angeles,50.57583823515391,C
91030,Los Angeles,52.56447182302233,C
91405,Los Angeles,32.55874645119765,F
90022,Los Angeles,31.078725239953634,F
90023,Los Angeles,28.43466842277905,F
90044,Los Angeles,25.56076385571285,F
90059,Los Angeles,27.67681627295154,F
90061,Los Angeles,25.430642265053216,F
90280,Los Angeles,32.40698821753628,F
90291,Los Angeles,41.508475754093666,D
90723,Los Angeles,30.888169587242565,F
91607,Los Angeles,39.73666853838167,D
90025,Los Angeles,38.33370748720718,D
90212,Los Angeles,36.87288292308041,D
90222,Los Angeles,28.78505222113835,F
90262,Los Angeles,31.850120086357677,F
90305,Los Angeles,33.46654039936359,F
90713,Los Angeles,39.04109700517175,D
91105,Los Angeles,53.306606292829855,C
91107,Los Angeles,51.10497320637455,C
91775,Los Angeles,48.64802710469562,D
90732,Los Angeles,46.493357278519134,D
91008,Los Angeles,62.1493739540707,C
91024,Los Angeles,59.72302925503803,C
91210,Los Angeles,27.23822342935244,F
91311,Los Angeles,56.192194181568624,C
91748,Los Angeles,51.255456701780375,C
91750,Los Angeles,58.52382702588753,C
91768,Los Angeles,41.106554450529885,D
91780,Los Angeles,43.47113179356731,D
90263,Los Angeles,53.231566473047224,C
90290,Los Angeles,68.87947463266836,B
90660,Los Angeles,38.166148603938026,D
90670,Los Angeles,32.86379737000985,F
91387,Los Angeles,59.51200032350864,C
91741,Los Angeles,62.39048914875684,C
93544,Los Angeles,44.61803056758072,D
93591,Los Angeles,46.64201847240407,D
90043,Los Angeles,30.453821257112608,F
90068,Los Angeles,59.47148622386349,C
90089,Los Angeles,28.615182738109155,F
90265,Los Angeles,63.835759166341944,C
90623,Los Angeles,40.95680432173043,D
90701,Los Angeles,37.38913091027118,D
91307,Los Angeles,51.14615456826387,C
91340,Los Angeles,35.31567916175915,D
91361,Los Angeles,61.753686192873715,C
90248,Los Angeles,33.26131410897409,F
91104,Los Angeles,44.99649576397909,D
91214,Los Angeles,57.999539705330605,C
91505,Los Angeles,37.55221050073605,D
91602,Los Angeles,43.61305644552847,D
91711,Los Angeles,55.466135563394914,C
91724,Los Angeles,47.27345311488092,D
91765,Los Angeles,60.2308272035508,C
90241,Los Angeles,36.80309847877437,D
90302,Los Angeles,30.395918817494504,F
90745,Los Angeles,35.62821541445097,D
91202,Los Angeles,54.98915222123732,C
91207,Los Angeles,47.37807244398661,D
91403,Los Angeles,48.90563829291949,D
91504,Los Angeles,54.64772195304214,C
91740,Los Angeles,42.21776059343128,D
90047,Los Angeles,27.838896958541262,F
90062,Los Angeles,28.799425982837306,F
90604,Los Angeles,40.432060440724285,D
90630,Los Angeles,39.112802589693565,D
91010,Los Angeles,46.841356337735164,D
91046,Los Angeles,29.092353230987257,F
91325,Los Angeles,41.550521094929124,D
91331,Los Angeles,36.40110652953278,D
90036,Los Angeles,39.332631859286906,D
90063,Los Angeles,33.562248641139725,F
90066,Los Angeles,39.69406784550024,D
90220,Los Angeles,25.889201563850595,F
90405,Los Angeles,41.278717357734635,D
90803,Los Angeles,46.87465430878996,D
90806,Los Angeles,32.411097257162496,F
90813,Los Angeles,25.081836134920476,F
90045,Los Angeles,37.4145626528008,D
90274,Los Angeles,59.045781666266656,C
90606,Los Angeles,38.34533515989695,D
90740,Los Angeles,46.64983754130793,D
91106,Los Angeles,47.45565157183255,D
91401,Los Angeles,35.473690165182255,D
93550,Los Angeles,53.12072992184815,C
93551,Los Angeles,54.93709606291729,C
90015,Los Angeles,25.346648906030094,F
90017,Los Angeles,25.5552466189772,F
90020,Los Angeles,39.721357549619334,D
90035,Los Angeles,38.81654554325981,D
90048,Los Angeles,36.32929120278378,D
90266,Los Angeles,46.01068517197848,D
90755,Los Angeles,35.148704404662745,D
90805,Los Angeles,31.547547887535096,F
90201,Los Angeles,29.844449765131586,F
90230,Los Angeles,41.93354414339886,D
90245,Los Angeles,35.705527904961386,D
90275,Los Angeles,56.97414239100552,C
90403,Los Angeles,41.70419360865721,D
90605,Los Angeles,46.698581994342874,D
91776,Los Angeles,40.39658240848989,D
93563,Los Angeles,59.01491799258809,C
90016,Los Angeles,29.972874472926677,F
90021,Los Angeles,14.42596427403168,F
90501,Los Angeles,34.852187101801505,F
90802,Los Angeles,42.31069165267291,D
91342,Los Angeles,55.158294959679644,C
91345,Los Angeles,41.332495350449335,D
91384,Los Angeles,61.36399195117056,C
91732,Los Angeles,37.10685385598286,D
91733,Los Angeles,38.59101807698637,D
90210,Los Angeles,56.149201848118466,C
90270,Los Angeles,30.10795244356816,F
90402,Los Angeles,51.97987861966709,C
90504,Los Angeles,37.9175873814864,D
90706,Los Angeles,33.13187607516983,F
90808,Los Angeles,39.9619343053875,D
91335,Los Angeles,36.45188655679073,D
91411,Los Angeles,33.937695897342735,F
91709,Los Angeles,58.42072506317774,C
90250,Los Angeles,30.235336276805906,F
90260,Los Angeles,34.910894390661014,F
90401,Los Angeles,30.58111228768705,F
90631,Los Angeles,48.76305343380781,D
91759,Los Angeles,63.14968346734605,C
92397,Los Angeles,62.60259555761593,C
93243,Los Angeles,51.197334865317764,C
93536,Los Angeles,53.452849287055756,C
93560,Los Angeles,48.23965131559079,D
90032,Los Angeles,42.09610297126508,D
90069,Los Angeles,46.91385923587488,D
91206,Los Angeles,50.948910501653174,C
91316,Los Angeles,49.478900360203575,D
91362,Los Angeles,53.91537977050297,C
91702,Los Angeles,64.44508919363925,C
91722,Los Angeles,38.67151204014523,D
91773,Los Angeles,52.76975553932387,C
90037,Los Angeles,24.055024744760193,F
90502,Los Angeles,34.36910058761799,F
90822,Los Angeles,37.937328166042825,D
91203,Los Angeles,29.671466773790353,F
91326,Los Angeles,49.36813261496169,D
91350,Los Angeles,50.4837144709072,C
91352,Los Angeles,42.37306601824987,D
91731,Los Angeles,31.14112934811744,F
93510,Los Angeles,54.518169884117185,C
91103,Los Angeles,45.42867444137939,D
91302,Los Angeles,61.00560266496397,C
91356,Los Angeles,50.08641624913038,C
91604,Los Angeles,51.978907564246754,C
91745,Los Angeles,51.24245489915444,C
91767,Los Angeles,37.080235196215035,D
91789,Los Angeles,51.782939785326136,C
91792,Los Angeles,49.23908624315018,D
91801,Los Angeles,42.82196147745498,D
90703,Los Angeles,43.76674078101457,D
91006,Los Angeles,49.886954804593465,D
91007,Los Angeles,47.75447614881858,D
91016,Los Angeles,51.04506533834707,C
91042,Los Angeles,58.84900488694852,C
91201,Los Angeles,32.988013896602986,F
91204,Los Angeles,26.362171546101962,F
91723,Los Angeles,36.3725039996886,D
93534,Los Angeles,39.45121192578735,D
91205,Los Angeles,31.56146473671546,F
91208,Los Angeles,61.66397191599041,C
91330,Los Angeles,36.6310522032154,D
91354,Los Angeles,51.431165033333784,C
91364,Los Angeles,51.49764893805116,C
91502,Los Angeles,27.04418186301326,F
91706,Los Angeles,39.84702249480203,D
91744,Los Angeles,40.67154198914885,D
90603,Los Angeles,44.71239114233999,D
90715,Los Angeles,39.00158468453966,D
91011,Los Angeles,63.14676256532418,C
91321,Los Angeles,57.40294707384182,C
91351,Los Angeles,47.24036786199909,D
91390,Los Angeles,60.4185764807742,C
93543,Los Angeles,46.41879932892069,D
93552,Los Angeles,50.480580416921455,C
90006,Los Angeles,28.34530898428232,F
90011,Los Angeles,25.35778515595714,F
90073,Los Angeles,16.36908311708995,F
90638,Los Angeles,40.63555364361194,D
90712,Los Angeles,39.10994377491184,D
91324,Los Angeles,38.451938520925616,D
91344,Los Angeles,48.312831312878906,D
91436,Los Angeles,52.9332944228795,C
91770,Los Angeles,41.88993820793897,D
90034,Los Angeles,39.918276997922476,D
90254,Los Angeles,45.68738151839716,D
90717,Los Angeles,36.29691589515631,D
90731,Los Angeles,38.37334756013326,D
90744,Los Angeles,31.568142392748044,F
90804,Los Angeles,34.657279479938595,F
90810,Los Angeles,31.66097925014209,F
91306,Los Angeles,37.41320197399685,D
90221,Los Angeles,27.93660234369194,F
90247,Los Angeles,33.04819386504307,F
90255,Los Angeles,28.84491150920012,F
90301,Los Angeles,27.45802586468544,F
90640,Los Angeles,38.61482616092171,D
91101,Los Angeles,37.08334540736773,D
91406,Los Angeles,37.333648316548164,D
91423,Los Angeles,48.94653955580347,D
91754,Los Angeles,44.618832383598544,D
90046,Los Angeles,52.478879370697086,C
90278,Los Angeles,38.62083364405876,D
90503,Los Angeles,39.761867353162145,D
90815,Los Angeles,40.362423734494485,D
91304,Los Angeles,47.139368048392676,D
90001,Los Angeles,26.127905015425288,F
90003,Los Angeles,25.072647183253558,F
90004,Los Angeles,38.0801469302527,D
90005,Los Angeles,34.664505681376234,F
90007,Los Angeles,28.0072519561471,F
90008,Los Angeles,32.5510348686296,F
90012,Los Angeles,39.42727837234379,D
90013,Los Angeles,18.38642768874159,F
90014,Los Angeles,17.837289318802657,F
90018,Los Angeles,29.313814647506735,F
90019,Los Angeles,33.37899189590523,F
90024,Los Angeles,46.041925110141385,D
90026,Los Angeles,40.866576120781104,D
90027,Los Angeles,51.661231976611504,C
90028,Los Angeles,29.75709529881444,F
90029,Los Angeles,30.67613214347572,F
90031,Los Angeles,38.58702702661229,D
90038,Los Angeles,29.367350818752218,F
90040,Los Angeles,27.523800508933775,F
90041,Los Angeles,47.93286429251357,D
90042,Los Angeles,44.02612284213595,D
90056,Los Angeles,43.5845915369637,D
90057,Los Angeles,28.32290873006899,F
90064,Los Angeles,44.10853558617016,D
90067,Los Angeles,33.973844389681524,F
90077,Los Angeles,63.54569543703808,C
90094,Los Angeles,42.8138826929745,D
90211,Los Angeles,35.58432782449929,D
90232,Los Angeles,38.83779755432788,D
90240,Los Angeles,40.527740716672454,D
90272,Los Angeles,68.01205232879255,B
90293,Los Angeles,50.69318257269381,C
90303,Los Angeles,31.318092481779324,F
90650,Los Angeles,36.355629572568176,D
90814,Los Angeles,38.6424718850586,D
91001,Los Angeles,52.707783735782655,C
91040,Los Angeles,50.27051994426208,C
91108,Los Angeles,58.42890839392544,C
91303,Los Angeles,34.51464638763611,F
91355,Los Angeles,45.70613742747321,D
91367,Los Angeles,43.64914790812413,D
91501,Los Angeles,50.60529784803917,C
91605,Los Angeles,31.971825912177813,F
91606,Los Angeles,33.08344599269594,F
91746,Los Angeles,36.79605175326569,D
91766,Los Angeles,40.32752888095166,D
91803,Los Angeles,40.76844733069032,D
93553,Los Angeles,47.134849175017195,D
